chromosome	strand	start	end	read_name	log_lik_ratio	log_lik_methylated	log_lik_unmethylated	num_calling_strands	num_motifs	sequence
chr1	-	8338563	8338563	9f2bfb40-ed0b-4d00-bf21-fc682efc23bf	-11.86	-136.28	-124.42	1	1	AGGTCCGCATA
chr1	-	8338576	8338576	9f2bfb40-ed0b-4d00-bf21-fc682efc23bf	-4.54	-131.26	-126.72	1	1	TTTTTCGCAAA
chr1	-	8338603	8338620	9f2bfb40-ed0b-4d00-bf21-fc682efc23bf	-13.65	-221.33	-207.68	1	3	ATTTCCGGCTTTGCCGGCCCAGCGGTCT
chr1	-	8338643	8338643	9f2bfb40-ed0b-4d00-bf21-fc682efc23bf	-6.87	-119.60	-112.72	1	1	CTCACCGAAAG
chr1	-	8338658	8338683	9f2bfb40-ed0b-4d00-bf21-fc682efc23bf	-24.60	-269.60	-245.00	1	4	AGACACGGGAAACCGAGTGGGCGTGCCAAGCGCCAA
chr1	-	8338695	8338695	9f2bfb40-ed0b-4d00-bf21-fc682efc23bf	-4.48	-103.70	-99.22	1	1	CAAACCGCACT
chr1	-	8338706	8338716	9f2bfb40-ed0b-4d00-bf21-fc682efc23bf	-0.83	-127.15	-126.33	1	2	GTGTTCGCTGAAATACGAGTT
chr1	-	8338736	8338736	9f2bfb40-ed0b-4d00-bf21-fc682efc23bf	-4.87	-109.29	-104.42	1	1	TTTCACGTGTC
chr1	-	8338820	8338826	9f2bfb40-ed0b-4d00-bf21-fc682efc23bf	5.27	-154.15	-159.42	1	2	GACTTCGCCTTCGATCC
chr1	-	8338912	8338912	9f2bfb40-ed0b-4d00-bf21-fc682efc23bf	5.43	-95.95	-101.38	1	1	GGCTGCGGCAA
chr1	-	8338964	8338964	9f2bfb40-ed0b-4d00-bf21-fc682efc23bf	-0.09	-78.89	-78.79	1	1	CACCTCGGGTG
chr1	-	8339002	8339002	9f2bfb40-ed0b-4d00-bf21-fc682efc23bf	-5.42	-133.67	-128.25	1	1	TGGGGCGTGGG
chr1	-	8339043	8339046	9f2bfb40-ed0b-4d00-bf21-fc682efc23bf	3.81	-99.19	-103.01	1	2	AGCCCCGTCGCTGA
chr1	-	8339101	8339101	9f2bfb40-ed0b-4d00-bf21-fc682efc23bf	2.76	-95.59	-98.35	1	1	GGCTACGGGAT
chr1	-	8339154	8339154	9f2bfb40-ed0b-4d00-bf21-fc682efc23bf	-4.29	-89.35	-85.05	1	1	TAACTCGAGAC
chr1	-	8339234	8339234	9f2bfb40-ed0b-4d00-bf21-fc682efc23bf	-0.53	-102.52	-101.99	1	1	TGGCCCGGGCC
chr1	-	8339382	8339382	9f2bfb40-ed0b-4d00-bf21-fc682efc23bf	-2.89	-110.07	-107.18	1	1	CAAGCCGGGTC
chr1	-	8339413	8339416	9f2bfb40-ed0b-4d00-bf21-fc682efc23bf	-1.94	-122.98	-121.04	1	2	TCAGCCGCCGGGAG
chr1	-	8339444	8339444	9f2bfb40-ed0b-4d00-bf21-fc682efc23bf	0.04	-92.90	-92.94	1	1	ATCCCCGGAGG
chr1	-	8339457	8339457	9f2bfb40-ed0b-4d00-bf21-fc682efc23bf	1.01	-111.21	-112.22	1	1	CTGGCCGTGTG
chr1	-	8339487	8339487	9f2bfb40-ed0b-4d00-bf21-fc682efc23bf	2.93	-145.31	-148.25	1	1	TGGCCCGCAGC
chr1	-	8339523	8339527	9f2bfb40-ed0b-4d00-bf21-fc682efc23bf	-6.86	-137.10	-130.24	1	2	CTCAGCGTCCGCACC
chr1	-	8339544	8339559	9f2bfb40-ed0b-4d00-bf21-fc682efc23bf	-19.87	-245.89	-226.02	1	3	TTCATCGCCTATCTCGCCTTCGGCCT
chr1	-	8339571	8339571	9f2bfb40-ed0b-4d00-bf21-fc682efc23bf	-0.58	-116.38	-115.80	1	1	GGGACCGGGCT
chr1	-	8339601	8339601	9f2bfb40-ed0b-4d00-bf21-fc682efc23bf	-6.06	-128.14	-122.08	1	1	CTCTACGTGGT
chr1	-	8339612	8339612	9f2bfb40-ed0b-4d00-bf21-fc682efc23bf	-10.66	-136.30	-125.64	1	1	CCTGTCGCTCT
chr1	-	8339628	8339628	9f2bfb40-ed0b-4d00-bf21-fc682efc23bf	-2.27	-124.08	-121.82	1	1	ACCTACGGGAT
chr1	-	8339666	8339676	9f2bfb40-ed0b-4d00-bf21-fc682efc23bf	-10.41	-227.43	-217.02	1	2	TTACTCGCTGCTCTGCGATTA
chr1	-	8339723	8339723	9f2bfb40-ed0b-4d00-bf21-fc682efc23bf	2.12	-107.52	-109.63	1	1	TGCTTCGGGTC
chr1	-	8339793	8339793	9f2bfb40-ed0b-4d00-bf21-fc682efc23bf	-1.57	-113.11	-111.54	1	1	GAGCCCGGTGC
chr1	-	8339814	8339814	9f2bfb40-ed0b-4d00-bf21-fc682efc23bf	-0.16	-116.03	-115.87	1	1	GACAGCGACCA
chr1	-	8339859	8339859	9f2bfb40-ed0b-4d00-bf21-fc682efc23bf	-7.79	-105.87	-98.09	1	1	TGGGGCGTGCC
chr1	-	8339996	8339996	9f2bfb40-ed0b-4d00-bf21-fc682efc23bf	-2.32	-108.02	-105.71	1	1	GCCACCGGGTC
chr1	-	8340060	8340060	9f2bfb40-ed0b-4d00-bf21-fc682efc23bf	-2.72	-93.55	-90.84	1	1	AAGCTCGGAAA
chr1	-	8340082	8340082	9f2bfb40-ed0b-4d00-bf21-fc682efc23bf	-4.56	-112.63	-108.06	1	1	CAGATCGATAA
chr1	-	8340224	8340230	9f2bfb40-ed0b-4d00-bf21-fc682efc23bf	16.24	-154.95	-171.19	1	2	TGGTGCGATCTCGGCTC
chr1	-	8340247	8340254	9f2bfb40-ed0b-4d00-bf21-fc682efc23bf	8.11	-163.72	-171.84	1	2	ACCTCCGCCTCCCGGGTT
chr1	-	8340286	8340286	9f2bfb40-ed0b-4d00-bf21-fc682efc23bf	-4.17	-127.37	-123.20	1	1	CCTCCCGAGTA
chr1	-	8340308	8340308	9f2bfb40-ed0b-4d00-bf21-fc682efc23bf	-4.12	-137.79	-133.67	1	1	AGGCACGCACC
chr1	-	8340351	8340351	9f2bfb40-ed0b-4d00-bf21-fc682efc23bf	0.44	-108.39	-108.83	1	1	AGAGACGGGGT
chr1	-	8340403	8340407	9f2bfb40-ed0b-4d00-bf21-fc682efc23bf	7.59	-168.31	-175.90	1	2	TGATCCGCCCGCCTC
chr1	-	8340440	8340450	9f2bfb40-ed0b-4d00-bf21-fc682efc23bf	3.81	-177.55	-181.36	1	2	ACAGGCGTGAGCCACCGCACC
chr1	-	8340578	8340578	9f2bfb40-ed0b-4d00-bf21-fc682efc23bf	-2.96	-97.15	-94.19	1	1	CTAGACGTTTC
chr1	-	8340635	8340635	9f2bfb40-ed0b-4d00-bf21-fc682efc23bf	-0.66	-127.33	-126.67	1	1	CCTGCCGGTTT
chr1	-	8340678	8340678	9f2bfb40-ed0b-4d00-bf21-fc682efc23bf	-0.63	-88.00	-87.37	1	1	TCAACCGTGGG
chr1	-	8340751	8340751	9f2bfb40-ed0b-4d00-bf21-fc682efc23bf	8.84	-108.46	-117.30	1	1	AACAACGAAAC
chr1	-	8340817	8340817	9f2bfb40-ed0b-4d00-bf21-fc682efc23bf	-3.46	-115.72	-112.26	1	1	GTACCCGTCCT
chr1	-	8340846	8340851	9f2bfb40-ed0b-4d00-bf21-fc682efc23bf	-6.78	-131.83	-125.05	1	2	AATCTCGTTACGGATT
chr1	-	8340913	8340917	9f2bfb40-ed0b-4d00-bf21-fc682efc23bf	-9.67	-140.37	-130.70	1	2	GGGTCCGGGCGTGGT
chr1	-	8340973	8340973	9f2bfb40-ed0b-4d00-bf21-fc682efc23bf	-3.35	-83.60	-80.25	1	1	GATCACGAGGT
chr1	-	8341059	8341061	9f2bfb40-ed0b-4d00-bf21-fc682efc23bf	-5.98	-136.36	-130.38	1	2	GGTGGCGCGTGCC
chr1	-	8341083	8341083	9f2bfb40-ed0b-4d00-bf21-fc682efc23bf	-0.07	-108.81	-108.74	1	1	CTACTCGGGAG
chr1	-	8341105	8341105	9f2bfb40-ed0b-4d00-bf21-fc682efc23bf	-0.18	-124.79	-124.60	1	1	AGAATCGCTTG
chr1	-	8341122	8341122	9f2bfb40-ed0b-4d00-bf21-fc682efc23bf	0.13	-128.46	-128.59	1	1	GGAGGCGGAGG
chr1	-	17220051	17220051	5fa3d48d-18b5-40bb-9958-e0dfef7d9581	-1.60	-98.04	-96.44	1	1	GTAAACGATGA
chr1	-	17220075	17220075	5fa3d48d-18b5-40bb-9958-e0dfef7d9581	-2.13	-82.20	-80.07	1	1	AGGTGCGAGGA
chr1	-	17220253	17220253	5fa3d48d-18b5-40bb-9958-e0dfef7d9581	5.49	-92.01	-97.50	1	1	GGGAGCGCCAA
chr1	-	17220267	17220267	5fa3d48d-18b5-40bb-9958-e0dfef7d9581	2.14	-115.33	-117.48	1	1	GGACTCGTGAT
chr1	-	44790041	44790041	b6b564ae-3c92-4b13-b4a4-b73bd12883c7	-0.27	-92.38	-92.11	1	1	AAGAACGCCTA
chr1	-	44790166	44790166	b6b564ae-3c92-4b13-b4a4-b73bd12883c7	0.32	-100.68	-101.00	1	1	TCCCACGACTG
chr1	-	44790722	44790722	b6b564ae-3c92-4b13-b4a4-b73bd12883c7	-1.17	-113.03	-111.87	1	1	CTGGGCGACAT
chr1	+	47834220	47834220	b25e39b9-67b7-4267-9d62-1c33b6274e7f	-0.27	-101.02	-100.74	1	1	AGGGGCGTTTG
chr1	+	47834277	47834277	b25e39b9-67b7-4267-9d62-1c33b6274e7f	2.64	-137.80	-140.44	1	1	GCATTCGAAAA
chr1	+	47834575	47834577	b25e39b9-67b7-4267-9d62-1c33b6274e7f	-7.36	-111.53	-104.17	1	2	ACACACGCGCACA
chr1	+	47834643	47834643	b25e39b9-67b7-4267-9d62-1c33b6274e7f	1.74	-85.35	-87.09	1	1	CCAGACGTTTA
chr1	+	47835639	47835639	b25e39b9-67b7-4267-9d62-1c33b6274e7f	-5.36	-113.50	-108.14	1	1	AAGAACGTCAA
chr1	+	47835805	47835805	b25e39b9-67b7-4267-9d62-1c33b6274e7f	5.42	-81.79	-87.21	1	1	GACAGCGACAT
chr1	+	47836114	47836114	b25e39b9-67b7-4267-9d62-1c33b6274e7f	-4.48	-107.55	-103.07	1	1	ATTCTCGGGGC
chr1	+	47836582	47836582	b25e39b9-67b7-4267-9d62-1c33b6274e7f	-2.38	-110.80	-108.42	1	1	GTTGGCGATTA
chr1	+	47836733	47836733	b25e39b9-67b7-4267-9d62-1c33b6274e7f	-3.63	-101.96	-98.32	1	1	GTGGGCGGAGC
chr1	+	47837313	47837313	b25e39b9-67b7-4267-9d62-1c33b6274e7f	-10.99	-117.14	-106.15	1	1	TAGGACGTCTT
chr1	+	47837327	47837327	b25e39b9-67b7-4267-9d62-1c33b6274e7f	-3.67	-105.00	-101.33	1	1	AAGAACGGGTT
chr1	+	47837442	47837442	b25e39b9-67b7-4267-9d62-1c33b6274e7f	7.60	-110.75	-118.35	1	1	ACAGCCGATCT
chr1	+	47837528	47837528	b25e39b9-67b7-4267-9d62-1c33b6274e7f	-4.88	-110.07	-105.20	1	1	GCTCCCGCCAA
chr1	+	47837583	47837583	b25e39b9-67b7-4267-9d62-1c33b6274e7f	-4.82	-137.79	-132.98	1	1	GGACTCGCCTC
chr1	+	47837626	47837626	b25e39b9-67b7-4267-9d62-1c33b6274e7f	-15.70	-141.23	-125.53	1	1	CAGGGCGGAGA
chr1	+	47837638	47837643	b25e39b9-67b7-4267-9d62-1c33b6274e7f	-3.17	-130.13	-126.96	1	2	AGAGACGAACCGGGCT
chr1	+	47837674	47837674	b25e39b9-67b7-4267-9d62-1c33b6274e7f	-0.64	-88.01	-87.36	1	1	TGGCCCGAGTC
chr1	+	47837704	47837704	b25e39b9-67b7-4267-9d62-1c33b6274e7f	-1.43	-88.43	-87.00	1	1	ATGAGCGGAAA
chr1	+	47837718	47837718	b25e39b9-67b7-4267-9d62-1c33b6274e7f	-1.98	-103.12	-101.14	1	1	ATTCCCGAGGG
chr1	+	47837749	47837749	b25e39b9-67b7-4267-9d62-1c33b6274e7f	0.68	-114.33	-115.01	1	1	CACAGCGGTGC
chr1	+	47837764	47837764	b25e39b9-67b7-4267-9d62-1c33b6274e7f	-3.31	-101.07	-97.77	1	1	AAGCACGAAAA
chr1	+	47837899	47837899	b25e39b9-67b7-4267-9d62-1c33b6274e7f	0.27	-101.76	-102.03	1	1	GAAACCGAGGC
chr1	+	47837960	47837960	b25e39b9-67b7-4267-9d62-1c33b6274e7f	-11.10	-124.82	-113.72	1	1	CAGCACGGGGA
chr1	+	47837983	47837983	b25e39b9-67b7-4267-9d62-1c33b6274e7f	-7.36	-92.89	-85.53	1	1	CAGGGCGAAGT
chr1	+	47838049	47838049	b25e39b9-67b7-4267-9d62-1c33b6274e7f	-6.81	-126.46	-119.65	1	1	CAGGCCGGCAC
chr1	+	47838428	47838428	b25e39b9-67b7-4267-9d62-1c33b6274e7f	-6.26	-134.68	-128.43	1	1	AAGAGCGGCTG
chr1	+	47838666	47838666	b25e39b9-67b7-4267-9d62-1c33b6274e7f	5.00	-90.90	-95.90	1	1	GGAGACGCAGT
chr1	+	47838711	47838711	b25e39b9-67b7-4267-9d62-1c33b6274e7f	2.92	-100.33	-103.26	1	1	GCTATCGACTG
chr1	+	47838751	47838751	b25e39b9-67b7-4267-9d62-1c33b6274e7f	-1.96	-93.27	-91.31	1	1	GCTGACGCCCA
chr1	+	47838889	47838894	b25e39b9-67b7-4267-9d62-1c33b6274e7f	6.87	-104.26	-111.13	1	2	TGAGACGAAACGGGAG
chr1	+	47838917	47838917	b25e39b9-67b7-4267-9d62-1c33b6274e7f	6.70	-130.53	-137.23	1	1	AGGGGCGAAAG
chr1	+	47838943	47838943	b25e39b9-67b7-4267-9d62-1c33b6274e7f	6.16	-123.26	-129.42	1	1	GCTTGCGGCCT
chr1	+	47838993	47838993	b25e39b9-67b7-4267-9d62-1c33b6274e7f	-0.64	-140.37	-139.73	1	1	TGTGGCGGGAG
chr1	+	47839014	47839014	b25e39b9-67b7-4267-9d62-1c33b6274e7f	-10.04	-119.92	-109.88	1	1	TGGCACGGAGG
chr1	+	47839065	47839065	b25e39b9-67b7-4267-9d62-1c33b6274e7f	-4.11	-126.53	-122.42	1	1	CTTGGCGTCAG
chr1	+	47839092	47839092	b25e39b9-67b7-4267-9d62-1c33b6274e7f	-1.93	-101.42	-99.50	1	1	TGGAACGCTGC
chr1	+	47839155	47839155	b25e39b9-67b7-4267-9d62-1c33b6274e7f	-0.88	-98.19	-97.30	1	1	CAGGACGTTAT
chr1	+	47839174	47839181	b25e39b9-67b7-4267-9d62-1c33b6274e7f	-0.99	-116.53	-115.54	1	2	GTAAGCGTTACCCGAGAG
chr1	+	47839262	47839262	b25e39b9-67b7-4267-9d62-1c33b6274e7f	0.17	-158.01	-158.18	1	1	ACACCCGTGAG
chr1	+	47839283	47839283	b25e39b9-67b7-4267-9d62-1c33b6274e7f	-10.84	-112.19	-101.35	1	1	GGGCACGGGGA
chr1	+	47839556	47839556	b25e39b9-67b7-4267-9d62-1c33b6274e7f	-3.31	-83.57	-80.25	1	1	ATCCACGCTCC
chr1	+	47839649	47839649	b25e39b9-67b7-4267-9d62-1c33b6274e7f	-1.73	-102.16	-100.43	1	1	AAACCCGAGGG
chr1	+	47839686	47839686	b25e39b9-67b7-4267-9d62-1c33b6274e7f	-8.98	-122.36	-113.38	1	1	GAGTGCGTGGG
chr1	+	47839719	47839719	b25e39b9-67b7-4267-9d62-1c33b6274e7f	-4.68	-104.08	-99.40	1	1	GTCCTCGCCAT
chr1	+	47839777	47839787	b25e39b9-67b7-4267-9d62-1c33b6274e7f	-2.39	-118.95	-116.56	1	2	GCAACCGCTTAACTCCGGTCA
chr1	+	47839926	47839926	b25e39b9-67b7-4267-9d62-1c33b6274e7f	-8.43	-124.03	-115.61	1	1	TCCATCGATGG
chr1	+	47840033	47840033	b25e39b9-67b7-4267-9d62-1c33b6274e7f	-14.41	-127.99	-113.58	1	1	CTCCTCGGATT
chr1	+	47840103	47840103	b25e39b9-67b7-4267-9d62-1c33b6274e7f	-1.77	-96.35	-94.59	1	1	ACAATCGGAGG
chr1	+	47840198	47840198	b25e39b9-67b7-4267-9d62-1c33b6274e7f	4.52	-110.21	-114.73	1	1	AAGCACGCTCA
chr1	+	47840213	47840213	b25e39b9-67b7-4267-9d62-1c33b6274e7f	-1.48	-110.22	-108.74	1	1	AGGGCCGTCCT
chr1	+	47840246	47840246	b25e39b9-67b7-4267-9d62-1c33b6274e7f	-12.80	-123.79	-110.99	1	1	GCACTCGCTAC
chr1	+	47840291	47840291	b25e39b9-67b7-4267-9d62-1c33b6274e7f	-6.56	-163.52	-156.96	1	1	GTCTTCGACAA
chr1	+	47840311	47840311	b25e39b9-67b7-4267-9d62-1c33b6274e7f	-5.56	-115.36	-109.80	1	1	AGGTACGTATC
chr1	+	47840604	47840604	b25e39b9-67b7-4267-9d62-1c33b6274e7f	-4.01	-98.45	-94.44	1	1	GCTATCGAGGC
chr1	+	47840778	47840778	b25e39b9-67b7-4267-9d62-1c33b6274e7f	0.14	-95.47	-95.60	1	1	TGGGGCGTGAT
chr1	+	47841019	47841019	b25e39b9-67b7-4267-9d62-1c33b6274e7f	-4.18	-101.27	-97.09	1	1	TCCTGCGTGGA
chr1	+	47841108	47841108	b25e39b9-67b7-4267-9d62-1c33b6274e7f	-4.37	-97.05	-92.69	1	1	ACTGACGAGGG
chr1	+	47841425	47841425	b25e39b9-67b7-4267-9d62-1c33b6274e7f	-6.91	-99.02	-92.11	1	1	GCCAGCGCCTG
chr1	+	47841571	47841571	b25e39b9-67b7-4267-9d62-1c33b6274e7f	-0.66	-79.02	-78.36	1	1	ACTGCCGAGGA
chr1	+	47841604	47841604	b25e39b9-67b7-4267-9d62-1c33b6274e7f	-8.83	-142.08	-133.25	1	1	CAGCCCGGTGG
chr1	+	47841814	47841814	b25e39b9-67b7-4267-9d62-1c33b6274e7f	-3.74	-110.00	-106.26	1	1	AGTCTCGCTCT
chr1	+	47841971	47841975	b25e39b9-67b7-4267-9d62-1c33b6274e7f	-4.31	-185.23	-180.92	1	2	TTTCACGACCGTGGC
chr1	+	47842006	47842006	b25e39b9-67b7-4267-9d62-1c33b6274e7f	-8.25	-130.88	-122.63	1	1	AACCTCGTGAT
chr1	+	47842017	47842017	b25e39b9-67b7-4267-9d62-1c33b6274e7f	-3.82	-111.07	-107.25	1	1	CCACCCGCCTC
chr1	+	47842062	47842070	b25e39b9-67b7-4267-9d62-1c33b6274e7f	0.01	-165.71	-165.72	1	2	CACTGCGCCTGGCCGAAAC
chr1	+	47842152	47842152	b25e39b9-67b7-4267-9d62-1c33b6274e7f	-0.94	-95.73	-94.78	1	1	AGTGCCGGGCA
chr1	+	47842270	47842270	b25e39b9-67b7-4267-9d62-1c33b6274e7f	-1.20	-171.11	-169.91	1	1	GCCCACGGTTG
chr1	+	47842314	47842314	b25e39b9-67b7-4267-9d62-1c33b6274e7f	-0.18	-135.29	-135.11	1	1	GAGTTCGTTTG
chr1	+	47842508	47842508	b25e39b9-67b7-4267-9d62-1c33b6274e7f	-7.38	-144.74	-137.36	1	1	AGCCTCGGTGG
chr1	+	47842588	47842588	b25e39b9-67b7-4267-9d62-1c33b6274e7f	-6.81	-96.23	-89.42	1	1	AAGTACGCAGC
chr1	+	47842717	47842717	b25e39b9-67b7-4267-9d62-1c33b6274e7f	-3.33	-87.71	-84.37	1	1	GGATGCGTCTG
chr1	+	47843033	47843033	b25e39b9-67b7-4267-9d62-1c33b6274e7f	0.02	-80.52	-80.54	1	1	CTGCCCGAAGG
chr1	+	47843209	47843209	b25e39b9-67b7-4267-9d62-1c33b6274e7f	-3.13	-95.88	-92.75	1	1	TAAGCCGGGGG
chr1	+	47843291	47843291	b25e39b9-67b7-4267-9d62-1c33b6274e7f	0.03	-119.84	-119.86	1	1	GCAGACGCAGG
chr1	+	47843310	47843310	b25e39b9-67b7-4267-9d62-1c33b6274e7f	-2.64	-127.08	-124.44	1	1	TCCAGCGGCTT
chr1	+	47843398	47843405	b25e39b9-67b7-4267-9d62-1c33b6274e7f	-15.31	-172.09	-156.78	1	2	CTGGACGTAGGGCGAGAG
chr1	+	47843433	47843433	b25e39b9-67b7-4267-9d62-1c33b6274e7f	4.22	-100.71	-104.93	1	1	AGCCCCGTTGA
chr1	+	47843457	47843457	b25e39b9-67b7-4267-9d62-1c33b6274e7f	4.63	-133.95	-138.59	1	1	ACTGTCGGAGT
chr1	+	47843543	47843543	b25e39b9-67b7-4267-9d62-1c33b6274e7f	-7.68	-149.59	-141.91	1	1	CCAGACGGAGT
chr1	+	47843733	47843733	b25e39b9-67b7-4267-9d62-1c33b6274e7f	-2.06	-104.42	-102.36	1	1	TGGCCCGAAAT
chr1	+	47843943	47843943	b25e39b9-67b7-4267-9d62-1c33b6274e7f	-7.02	-131.28	-124.26	1	1	TCTCTCGATGG
chr1	+	47843966	47843966	b25e39b9-67b7-4267-9d62-1c33b6274e7f	-2.21	-94.93	-92.72	1	1	AGGCCCGTAAC
chr1	+	47844055	47844055	b25e39b9-67b7-4267-9d62-1c33b6274e7f	-6.14	-144.29	-138.15	1	1	GAGCTCGGAAG
chr1	+	47844143	47844143	b25e39b9-67b7-4267-9d62-1c33b6274e7f	-1.99	-96.11	-94.13	1	1	GTCACCGTCCC
chr1	+	47844172	47844172	b25e39b9-67b7-4267-9d62-1c33b6274e7f	-4.45	-104.57	-100.12	1	1	AACACCGTGCT
chr1	+	47844262	47844262	b25e39b9-67b7-4267-9d62-1c33b6274e7f	-3.65	-97.85	-94.20	1	1	TCTCCCGGAGC
chr1	+	47844278	47844278	b25e39b9-67b7-4267-9d62-1c33b6274e7f	0.95	-123.03	-123.98	1	1	AGAGTCGTGTG
chr1	+	47844343	47844343	b25e39b9-67b7-4267-9d62-1c33b6274e7f	-3.70	-108.17	-104.46	1	1	TTATACGAGGT
chr1	+	47844399	47844399	b25e39b9-67b7-4267-9d62-1c33b6274e7f	-10.03	-107.09	-97.05	1	1	GGAGGCGGGAG
chr1	+	47844470	47844470	b25e39b9-67b7-4267-9d62-1c33b6274e7f	4.23	-94.26	-98.49	1	1	GATGCCGTTAG
chr1	+	47844602	47844602	b25e39b9-67b7-4267-9d62-1c33b6274e7f	-7.82	-110.57	-102.75	1	1	GCAGACGCTCT
chr1	+	47844676	47844676	b25e39b9-67b7-4267-9d62-1c33b6274e7f	0.94	-102.03	-102.97	1	1	AGTCCCGGAGA
chr1	+	47844717	47844717	b25e39b9-67b7-4267-9d62-1c33b6274e7f	0.54	-75.89	-76.43	1	1	GCCTACGAGGA
chr1	+	47845073	47845073	b25e39b9-67b7-4267-9d62-1c33b6274e7f	-0.98	-95.50	-94.52	1	1	TCCCCCGTCCA
chr1	+	47845091	47845091	b25e39b9-67b7-4267-9d62-1c33b6274e7f	-8.18	-74.61	-66.43	1	1	CCAGACGCTGG
chr1	+	47845104	47845110	b25e39b9-67b7-4267-9d62-1c33b6274e7f	-2.04	-93.58	-91.53	1	2	AGGTGCGTGCTCGTGAC
chr1	+	47845201	47845201	b25e39b9-67b7-4267-9d62-1c33b6274e7f	-0.54	-76.04	-75.50	1	1	TGCCACGTTAT
chr1	+	47845221	47845221	b25e39b9-67b7-4267-9d62-1c33b6274e7f	-0.83	-90.61	-89.78	1	1	ATGTCCGTTAG
chr1	+	47845856	47845856	b25e39b9-67b7-4267-9d62-1c33b6274e7f	-3.14	-95.67	-92.53	1	1	GAACACGTTTT
chr1	+	47845946	47845946	b25e39b9-67b7-4267-9d62-1c33b6274e7f	-11.12	-117.83	-106.71	1	1	CAGTACGTTTC
chr1	+	47846037	47846037	b25e39b9-67b7-4267-9d62-1c33b6274e7f	-3.52	-87.58	-84.06	1	1	GTCTGCGTGAG
chr1	+	47846426	47846426	b25e39b9-67b7-4267-9d62-1c33b6274e7f	-5.90	-96.05	-90.15	1	1	AGAGCCGAAGG
chr1	+	47846540	47846540	b25e39b9-67b7-4267-9d62-1c33b6274e7f	-0.07	-141.76	-141.69	1	1	CCTCACGTCTG
chr1	+	47846687	47846687	b25e39b9-67b7-4267-9d62-1c33b6274e7f	-2.81	-105.06	-102.25	1	1	GTAGACGAAAC
chr1	+	47846928	47846928	b25e39b9-67b7-4267-9d62-1c33b6274e7f	-3.26	-105.35	-102.09	1	1	CAGCTCGATAG
chr1	+	47846956	47846956	b25e39b9-67b7-4267-9d62-1c33b6274e7f	1.44	-74.63	-76.07	1	1	ATCTGCGGGAG
chr1	+	47847174	47847174	b25e39b9-67b7-4267-9d62-1c33b6274e7f	-13.09	-122.33	-109.24	1	1	CCTGCCGCCAA
chr1	+	47847275	47847275	b25e39b9-67b7-4267-9d62-1c33b6274e7f	-5.64	-119.14	-113.50	1	1	TGGTGCGCTGC
chr1	+	47847311	47847311	b25e39b9-67b7-4267-9d62-1c33b6274e7f	-2.68	-88.93	-86.25	1	1	CTGGTCGCCTC
chr1	+	47847390	47847390	b25e39b9-67b7-4267-9d62-1c33b6274e7f	-7.76	-136.11	-128.35	1	1	ATCTTCGTGTC
chr1	+	47847447	47847447	b25e39b9-67b7-4267-9d62-1c33b6274e7f	-4.64	-116.37	-111.74	1	1	TATGTCGGGTT
chr1	+	47847590	47847590	b25e39b9-67b7-4267-9d62-1c33b6274e7f	4.59	-92.68	-97.27	1	1	AGATGCGGAAC
chr1	+	47847627	47847627	b25e39b9-67b7-4267-9d62-1c33b6274e7f	-4.02	-100.36	-96.34	1	1	TCCAGCGCCCT
chr1	+	47847759	47847759	b25e39b9-67b7-4267-9d62-1c33b6274e7f	1.35	-99.97	-101.31	1	1	TCATACGAAAG
chr1	+	47847799	47847803	b25e39b9-67b7-4267-9d62-1c33b6274e7f	-4.48	-115.82	-111.33	1	2	TAAATCGGCCGAGCT
chr1	+	47847828	47847828	b25e39b9-67b7-4267-9d62-1c33b6274e7f	-0.30	-102.58	-102.28	1	1	GGAAACGGCAT
chr1	+	47847851	47847851	b25e39b9-67b7-4267-9d62-1c33b6274e7f	-5.97	-108.99	-103.02	1	1	TGGCACGTTAG
chr1	+	47847868	47847868	b25e39b9-67b7-4267-9d62-1c33b6274e7f	-9.33	-98.40	-89.06	1	1	GATAGCGCCTC
chr1	+	49882026	49882026	f1eb6c3f-02cb-4c05-991d-5b363cfffb2e	-0.17	-147.06	-146.88	1	1	TCTAACGTTTA
chr1	+	49882204	49882204	f1eb6c3f-02cb-4c05-991d-5b363cfffb2e	-0.20	-107.85	-107.65	1	1	ATATGCGGCAT
chr1	+	56794251	56794251	596e04a7-3a45-4061-80d6-40255acffd73	-1.98	-150.14	-148.16	1	1	TGGTCCGGCCA
chr1	+	56794362	56794362	596e04a7-3a45-4061-80d6-40255acffd73	4.14	-75.25	-79.38	1	1	GCTTTCGCAGG
chr1	+	56794512	56794512	596e04a7-3a45-4061-80d6-40255acffd73	-9.03	-110.20	-101.17	1	1	TTGGGCGACCT
chr1	+	56794684	56794684	596e04a7-3a45-4061-80d6-40255acffd73	4.72	-100.94	-105.66	1	1	ACACACGCACA
chr1	+	56794696	56794696	596e04a7-3a45-4061-80d6-40255acffd73	6.48	-113.39	-119.87	1	1	GCACACGCACA
chr1	+	56794750	56794750	596e04a7-3a45-4061-80d6-40255acffd73	-4.71	-109.52	-104.81	1	1	CCTGACGTGGC
chr1	+	56794824	56794824	596e04a7-3a45-4061-80d6-40255acffd73	-1.48	-105.00	-103.52	1	1	ACTTACGTGCC
chr1	+	56795377	56795377	596e04a7-3a45-4061-80d6-40255acffd73	0.82	-95.76	-96.58	1	1	TCATCCGTCAA
chr1	+	56795880	56795880	596e04a7-3a45-4061-80d6-40255acffd73	0.22	-78.77	-78.99	1	1	TTCAGCGGGGA
chr1	+	56795922	56795922	596e04a7-3a45-4061-80d6-40255acffd73	4.79	-103.33	-108.12	1	1	TTCAACGCATG
chr1	+	56795995	56795995	596e04a7-3a45-4061-80d6-40255acffd73	-0.65	-97.57	-96.92	1	1	GTCAACGAGAG
chr1	+	56796179	56796179	596e04a7-3a45-4061-80d6-40255acffd73	-0.56	-103.75	-103.19	1	1	ATCTCCGAAGC
chr1	+	56796381	56796381	596e04a7-3a45-4061-80d6-40255acffd73	-0.88	-83.57	-82.69	1	1	GCTGCCGCAGC
chr1	+	56796430	56796430	596e04a7-3a45-4061-80d6-40255acffd73	0.36	-106.45	-106.80	1	1	CAGCCCGTGAG
chr1	+	56796446	56796446	596e04a7-3a45-4061-80d6-40255acffd73	-4.00	-94.58	-90.58	1	1	CCCTTCGATTC
chr1	+	56796469	56796469	596e04a7-3a45-4061-80d6-40255acffd73	-4.25	-103.80	-99.55	1	1	TGCTTCGAATG
chr1	+	56796582	56796582	596e04a7-3a45-4061-80d6-40255acffd73	-0.22	-131.89	-131.67	1	1	CCTTACGTGTT
chr1	+	56796670	56796670	596e04a7-3a45-4061-80d6-40255acffd73	-0.82	-99.03	-98.21	1	1	AATCCCGACCC
chr1	+	56796690	56796690	596e04a7-3a45-4061-80d6-40255acffd73	-2.09	-102.21	-100.12	1	1	TCCAACGTCAC
chr1	+	56796854	56796854	596e04a7-3a45-4061-80d6-40255acffd73	2.54	-108.19	-110.72	1	1	CTGCTCGTTCA
chr1	+	56796870	56796870	596e04a7-3a45-4061-80d6-40255acffd73	1.32	-93.20	-94.52	1	1	TAACTCGTGTC
chr1	+	56797292	56797292	596e04a7-3a45-4061-80d6-40255acffd73	2.75	-133.05	-135.79	1	1	GTCATCGGGCT
chr1	+	56797509	56797509	596e04a7-3a45-4061-80d6-40255acffd73	-0.88	-105.21	-104.32	1	1	TACCACGCCCA
chr1	+	56797588	56797588	596e04a7-3a45-4061-80d6-40255acffd73	-3.89	-104.99	-101.10	1	1	GTGGCCGCTCA
chr1	+	56797644	56797644	596e04a7-3a45-4061-80d6-40255acffd73	-6.19	-168.50	-162.31	1	1	TGCTACGTGGT
chr1	+	56797662	56797662	596e04a7-3a45-4061-80d6-40255acffd73	0.55	-114.36	-114.91	1	1	AGCATCGATGG
chr1	+	56797800	56797800	596e04a7-3a45-4061-80d6-40255acffd73	2.60	-97.91	-100.51	1	1	TGCAACGACAA
chr1	+	56797823	56797823	596e04a7-3a45-4061-80d6-40255acffd73	3.22	-115.88	-119.10	1	1	CTGGCCGATAC
chr1	+	56797978	56797978	596e04a7-3a45-4061-80d6-40255acffd73	0.74	-104.79	-105.53	1	1	AAATGCGGTGA
chr1	+	56798083	56798083	596e04a7-3a45-4061-80d6-40255acffd73	-1.31	-89.70	-88.39	1	1	ACCCACGAAAT
chr1	+	56798157	56798157	596e04a7-3a45-4061-80d6-40255acffd73	-5.32	-88.75	-83.42	1	1	GGAACCGTAAC
chr1	+	56798354	56798354	596e04a7-3a45-4061-80d6-40255acffd73	-3.63	-118.33	-114.70	1	1	CAATTCGAGAG
chr1	+	56798782	56798782	596e04a7-3a45-4061-80d6-40255acffd73	-12.76	-113.38	-100.63	1	1	GGCATCGAGGG
chr1	+	56798811	56798811	596e04a7-3a45-4061-80d6-40255acffd73	-0.46	-102.13	-101.67	1	1	GGTCACGCAGC
chr1	+	56799123	56799123	596e04a7-3a45-4061-80d6-40255acffd73	-12.78	-119.03	-106.25	1	1	TTAGGCGATTG
chr1	+	56799483	56799483	596e04a7-3a45-4061-80d6-40255acffd73	-2.80	-86.89	-84.08	1	1	TATACCGACAT
chr1	+	56799702	56799702	596e04a7-3a45-4061-80d6-40255acffd73	0.38	-107.70	-108.09	1	1	AATCACGTTTT
chr1	+	56799775	56799775	596e04a7-3a45-4061-80d6-40255acffd73	-0.57	-89.01	-88.45	1	1	TGCCACGGGCT
chr1	+	56799805	56799805	596e04a7-3a45-4061-80d6-40255acffd73	-4.96	-79.71	-74.74	1	1	GTCACCGCTCT
chr1	+	56799914	56799914	596e04a7-3a45-4061-80d6-40255acffd73	-0.15	-101.37	-101.22	1	1	GAATGCGGTCA
chr1	+	56800061	56800061	596e04a7-3a45-4061-80d6-40255acffd73	-1.66	-86.62	-84.96	1	1	GGCAACGTCAA
chr1	+	56800185	56800185	596e04a7-3a45-4061-80d6-40255acffd73	-0.93	-136.68	-135.75	1	1	AATTACGTGCC
chr1	+	56800249	56800249	596e04a7-3a45-4061-80d6-40255acffd73	0.08	-66.49	-66.58	1	1	GAAGTCGATTA
chr1	+	56800737	56800737	596e04a7-3a45-4061-80d6-40255acffd73	4.90	-93.78	-98.68	1	1	GACTGCGCCTC
chr1	+	56800916	56800916	596e04a7-3a45-4061-80d6-40255acffd73	0.52	-122.29	-122.81	1	1	GTAGGCGATAG
chr1	+	56800927	56800927	596e04a7-3a45-4061-80d6-40255acffd73	1.48	-147.39	-148.87	1	1	TTAGCCGATGA
chr1	+	56801002	56801002	596e04a7-3a45-4061-80d6-40255acffd73	2.42	-112.56	-114.98	1	1	GAAAACGAAGC
chr1	+	56801054	56801054	596e04a7-3a45-4061-80d6-40255acffd73	-3.09	-121.27	-118.17	1	1	AGTATCGCCAA
chr1	+	56801169	56801169	596e04a7-3a45-4061-80d6-40255acffd73	-0.64	-96.13	-95.48	1	1	TAACTCGAACT
chr1	+	56801601	56801601	596e04a7-3a45-4061-80d6-40255acffd73	-2.82	-112.56	-109.74	1	1	TGAACCGTCTC
chr1	+	56801733	56801733	596e04a7-3a45-4061-80d6-40255acffd73	-1.13	-80.15	-79.02	1	1	CTATCCGGTCC
chr1	+	65511866	65511866	b03adfd8-1a99-4b08-a1f8-6dae1839dfa8	-14.94	-170.26	-155.31	1	1	CAACTCGGGTT
chr1	+	65511979	65511979	b03adfd8-1a99-4b08-a1f8-6dae1839dfa8	-2.30	-175.55	-173.26	1	1	GGAAGCGTAGT
chr1	+	65512003	65512003	b03adfd8-1a99-4b08-a1f8-6dae1839dfa8	-11.33	-182.05	-170.71	1	1	GGGGACGCCTC
chr1	+	65512039	65512039	b03adfd8-1a99-4b08-a1f8-6dae1839dfa8	-8.39	-151.91	-143.52	1	1	GCAAACGGGGA
chr1	+	65512145	65512145	b03adfd8-1a99-4b08-a1f8-6dae1839dfa8	-3.20	-171.12	-167.92	1	1	TACAGCGAGGA
chr1	+	65512330	65512330	b03adfd8-1a99-4b08-a1f8-6dae1839dfa8	11.48	-174.58	-186.06	1	1	TTGGGCGGGGA
chr1	+	65512387	65512387	b03adfd8-1a99-4b08-a1f8-6dae1839dfa8	1.04	-245.59	-246.63	1	1	AGCTGCGTGAT
chr1	+	65512495	65512495	b03adfd8-1a99-4b08-a1f8-6dae1839dfa8	13.32	-153.32	-166.64	1	1	TGCTGCGCCTT
chr1	+	65512694	65512694	b03adfd8-1a99-4b08-a1f8-6dae1839dfa8	-15.70	-160.06	-144.36	1	1	CAGAACGTTTG
chr1	+	65512729	65512729	b03adfd8-1a99-4b08-a1f8-6dae1839dfa8	-1.05	-159.77	-158.72	1	1	TGTCCCGTGTC
chr1	+	65512869	65512869	b03adfd8-1a99-4b08-a1f8-6dae1839dfa8	0.83	-135.08	-135.90	1	1	AGCCACGCTTT
chr1	+	65512942	65512942	b03adfd8-1a99-4b08-a1f8-6dae1839dfa8	2.73	-180.24	-182.97	1	1	ATATGCGGCAG
chr1	+	65513631	65513631	b03adfd8-1a99-4b08-a1f8-6dae1839dfa8	-2.27	-173.65	-171.38	1	1	TGCTTCGTGAA
chr1	+	65513989	65513989	b03adfd8-1a99-4b08-a1f8-6dae1839dfa8	-1.90	-135.59	-133.69	1	1	AAATTCGGTTA
chr1	+	65514055	65514055	b03adfd8-1a99-4b08-a1f8-6dae1839dfa8	-6.81	-185.00	-178.19	1	1	GTCCACGTTCT
chr1	-	66889438	66889438	06a12ad0-a55d-4854-89b5-7e6886bb31ba	-1.17	-79.36	-78.18	1	1	CAGAACGGCCA
chr1	-	66889960	66889960	06a12ad0-a55d-4854-89b5-7e6886bb31ba	-2.96	-119.66	-116.69	1	1	CATGACGTTCC
chr1	-	66890071	66890071	06a12ad0-a55d-4854-89b5-7e6886bb31ba	5.36	-337.23	-342.58	1	1	GAGGCCGAGGC
chr1	-	66890103	66890103	06a12ad0-a55d-4854-89b5-7e6886bb31ba	-2.13	-104.73	-102.60	1	1	GAGTTCGAGAC
chr1	-	66890169	66890169	06a12ad0-a55d-4854-89b5-7e6886bb31ba	-2.05	-90.37	-88.32	1	1	AGGCACGGTGG
chr1	-	66890221	66890221	06a12ad0-a55d-4854-89b5-7e6886bb31ba	-2.71	-86.65	-83.94	1	1	AGGATCGCTGG
chr1	-	66890424	66890424	06a12ad0-a55d-4854-89b5-7e6886bb31ba	-4.47	-93.94	-89.46	1	1	AACCCCGTCTC
chr1	-	66890466	66890466	06a12ad0-a55d-4854-89b5-7e6886bb31ba	0.71	-113.56	-114.27	1	1	GGTGGCGGACA
chr1	-	66890529	66890529	06a12ad0-a55d-4854-89b5-7e6886bb31ba	0.32	-124.51	-124.83	1	1	GGAGGCGGAGG
chr1	-	66890564	66890564	06a12ad0-a55d-4854-89b5-7e6886bb31ba	2.34	-105.07	-107.41	1	1	CTGCACGCCAG
chr1	-	66890942	66890942	06a12ad0-a55d-4854-89b5-7e6886bb31ba	3.33	-95.78	-99.11	1	1	CAAAGCGCCAT
chr1	-	75042584	75042584	562583ce-3ffc-4aa8-aa6f-8d63648394f9	0.43	-101.66	-102.09	1	1	TTAAACGTAAA
chr1	-	75042785	75042785	562583ce-3ffc-4aa8-aa6f-8d63648394f9	-2.46	-123.14	-120.68	1	1	CAGAACGGGAG
chr1	-	75043033	75043033	562583ce-3ffc-4aa8-aa6f-8d63648394f9	9.48	-115.42	-124.89	1	1	AATGGCGATCA
chr1	-	75043090	75043090	562583ce-3ffc-4aa8-aa6f-8d63648394f9	-4.75	-108.97	-104.22	1	1	AGGAACGTTTT
chr1	-	75043273	75043273	562583ce-3ffc-4aa8-aa6f-8d63648394f9	-1.62	-81.90	-80.28	1	1	TGCAGCGCTAT
chr1	-	75044151	75044158	562583ce-3ffc-4aa8-aa6f-8d63648394f9	-19.53	-170.67	-151.14	1	2	ACATCCGGCAGCCGACTT
chr1	+	96921283	96921290	047ebffb-e912-44f4-a196-b0ee4d470784	-0.91	-135.00	-134.08	1	2	TCTGTCGACTCCCGATCT
chr1	+	96921303	96921303	047ebffb-e912-44f4-a196-b0ee4d470784	0.09	-147.57	-147.66	1	1	CATAGCGAGAT
chr1	+	96921403	96921403	047ebffb-e912-44f4-a196-b0ee4d470784	0.31	-147.15	-147.46	1	1	CTTTACGGAAT
chr1	+	96921604	96921604	047ebffb-e912-44f4-a196-b0ee4d470784	0.60	-97.46	-98.06	1	1	AGAAACGAGAC
chr1	+	106054917	106054917	b499883c-2871-439f-95c4-fcd31f802cf9	0.19	-99.40	-99.60	1	1	TGAGCCGAGAT
chr1	+	106055085	106055085	b499883c-2871-439f-95c4-fcd31f802cf9	-2.92	-77.20	-74.27	1	1	CCTTTCGGCAT
chr1	+	106055223	106055235	b499883c-2871-439f-95c4-fcd31f802cf9	-7.22	-151.91	-144.68	1	3	CAGGGCGCGGTGGCTCACGCCTT
chr1	+	106055263	106055272	b499883c-2871-439f-95c4-fcd31f802cf9	-7.51	-150.91	-143.40	1	2	AAGGCCGAGGTGGGCGGATC
chr1	+	106055313	106055313	b499883c-2871-439f-95c4-fcd31f802cf9	-1.89	-100.65	-98.75	1	1	GCCAACGTGGT
chr1	+	106055359	106055359	b499883c-2871-439f-95c4-fcd31f802cf9	-2.55	-117.26	-114.71	1	1	CCAAGCGTGGT
chr1	+	106055371	106055371	b499883c-2871-439f-95c4-fcd31f802cf9	-1.35	-117.83	-116.48	1	1	GTGAGCGCCTG
chr1	+	106055808	106055808	b499883c-2871-439f-95c4-fcd31f802cf9	-2.30	-110.67	-108.38	1	1	AGGTACGTTTG
chr1	+	106055833	106055833	b499883c-2871-439f-95c4-fcd31f802cf9	-6.10	-116.00	-109.90	1	1	ATACACGTCTG
chr1	+	106056208	106056208	b499883c-2871-439f-95c4-fcd31f802cf9	-3.92	-104.24	-100.32	1	1	TTGCTCGACCA
chr1	+	106056305	106056305	b499883c-2871-439f-95c4-fcd31f802cf9	-2.61	-133.18	-130.58	1	1	AAAAGCGGTTC
chr1	+	106056539	106056539	b499883c-2871-439f-95c4-fcd31f802cf9	-1.33	-93.02	-91.69	1	1	GAGGCCGTTAT
chr1	+	106056611	106056611	b499883c-2871-439f-95c4-fcd31f802cf9	1.62	-99.65	-101.27	1	1	TTTACCGACAG
chr1	+	174090382	174090382	d66abc18-418e-45ae-99c0-33f1b4b74427	5.70	-109.31	-115.00	1	1	TTGTACGCCAG
chr1	+	174090794	174090798	d66abc18-418e-45ae-99c0-33f1b4b74427	2.82	-108.45	-111.28	1	2	ATTTCCGACCGTCAT
chr1	+	174090814	174090814	d66abc18-418e-45ae-99c0-33f1b4b74427	5.04	-90.94	-95.98	1	1	ACCTACGGAAT
chr1	+	174091075	174091075	d66abc18-418e-45ae-99c0-33f1b4b74427	2.02	-91.99	-94.01	1	1	TGAGACGGAGT
chr1	+	174091113	174091121	d66abc18-418e-45ae-99c0-33f1b4b74427	2.95	-142.29	-145.24	1	3	AGTGGCGCGATCTCGGCTC
chr1	+	174091141	174091155	d66abc18-418e-45ae-99c0-33f1b4b74427	-0.47	-180.56	-180.09	1	3	TCCACCGCCCGGGTTCAAGCGATTC
chr1	+	174091200	174091200	d66abc18-418e-45ae-99c0-33f1b4b74427	-6.03	-99.16	-93.13	1	1	CTACTCGGTGG
chr1	+	174091215	174091215	d66abc18-418e-45ae-99c0-33f1b4b74427	1.54	-94.99	-96.52	1	1	CCTGACGTGCA
chr1	+	174091259	174091259	d66abc18-418e-45ae-99c0-33f1b4b74427	4.18	-114.98	-119.16	1	1	GGAGACGGGGT
chr1	+	174091315	174091320	d66abc18-418e-45ae-99c0-33f1b4b74427	5.05	-101.41	-106.46	1	2	CCACCCGCCTCGGCCT
chr1	+	174091826	174091826	d66abc18-418e-45ae-99c0-33f1b4b74427	2.06	-83.82	-85.88	1	1	GGGATCGGGTT
chr1	+	174091914	174091914	d66abc18-418e-45ae-99c0-33f1b4b74427	3.15	-85.48	-88.63	1	1	TTTAGCGGAGA
chr1	+	174092007	174092007	d66abc18-418e-45ae-99c0-33f1b4b74427	-0.21	-120.30	-120.08	1	1	TGTGACGAGGG
chr1	+	174092048	174092048	d66abc18-418e-45ae-99c0-33f1b4b74427	-2.36	-79.32	-76.96	1	1	AGACACGGAAG
chr1	+	174093469	174093469	d66abc18-418e-45ae-99c0-33f1b4b74427	2.48	-77.80	-80.27	1	1	CATGGCGAAAC
chr1	+	174093607	174093607	d66abc18-418e-45ae-99c0-33f1b4b74427	0.70	-99.11	-99.82	1	1	GGGTTCGAGGC
chr1	+	174093623	174093623	d66abc18-418e-45ae-99c0-33f1b4b74427	1.44	-74.31	-75.74	1	1	TGAGCCGTGAT
chr1	+	174093824	174093824	d66abc18-418e-45ae-99c0-33f1b4b74427	-2.10	-119.60	-117.50	1	1	CCTGACGACCT
chr1	+	174093963	174093963	d66abc18-418e-45ae-99c0-33f1b4b74427	-4.60	-120.69	-116.09	1	1	AGCCTCGTTTT
chr1	+	174093996	174093996	d66abc18-418e-45ae-99c0-33f1b4b74427	0.92	-84.44	-85.36	1	1	GCCCTCGACCT
chr1	+	174094113	174094113	d66abc18-418e-45ae-99c0-33f1b4b74427	-9.98	-89.97	-79.99	1	1	CATCTCGGCTC
chr1	+	174094169	174094169	d66abc18-418e-45ae-99c0-33f1b4b74427	0.24	-94.63	-94.87	1	1	CTTCCCGAGTA
chr1	+	174094201	174094201	d66abc18-418e-45ae-99c0-33f1b4b74427	3.82	-91.70	-95.52	1	1	CACCACGCCTG
chr1	+	174094287	174094287	d66abc18-418e-45ae-99c0-33f1b4b74427	-4.62	-86.94	-82.32	1	1	TGATCCGCTTG
chr1	+	174094304	174094304	d66abc18-418e-45ae-99c0-33f1b4b74427	-3.13	-96.17	-93.05	1	1	CCTCCCGAAGT
chr1	+	174094334	174094340	d66abc18-418e-45ae-99c0-33f1b4b74427	0.86	-109.53	-110.39	1	2	GCCACCGCACCCGACCC
chr1	+	174094378	174094378	d66abc18-418e-45ae-99c0-33f1b4b74427	3.13	-97.14	-100.26	1	1	TCCCTCGAGTG
chr1	+	174094561	174094561	d66abc18-418e-45ae-99c0-33f1b4b74427	-0.15	-96.14	-95.99	1	1	AGTCTCGTTCT
chr1	+	174094591	174094591	d66abc18-418e-45ae-99c0-33f1b4b74427	1.01	-77.01	-78.02	1	1	AATAGCGTGAT
chr1	+	174094687	174094687	d66abc18-418e-45ae-99c0-33f1b4b74427	2.25	-108.83	-111.08	1	1	CACCACGCCTG
chr1	+	174094750	174094750	d66abc18-418e-45ae-99c0-33f1b4b74427	0.77	-92.21	-92.98	1	1	GGTCTCGAACT
chr1	+	174094964	174094964	d66abc18-418e-45ae-99c0-33f1b4b74427	5.15	-99.77	-104.92	1	1	ATCCTCGACCT
chr1	+	174094982	174094982	d66abc18-418e-45ae-99c0-33f1b4b74427	4.01	-77.29	-81.29	1	1	CCAAGCGATCC
chr1	+	174095036	174095036	d66abc18-418e-45ae-99c0-33f1b4b74427	3.87	-98.16	-102.03	1	1	CACCACGCCCA
chr1	+	174095076	174095076	d66abc18-418e-45ae-99c0-33f1b4b74427	4.47	-97.36	-101.82	1	1	AGAGACGAGGT
chr1	+	174095113	174095113	d66abc18-418e-45ae-99c0-33f1b4b74427	3.94	-102.49	-106.43	1	1	GAACTCGTGAG
chr1	+	174095177	174095177	d66abc18-418e-45ae-99c0-33f1b4b74427	-2.35	-82.51	-80.16	1	1	GCCACCGCTCC
chr1	+	174095239	174095239	d66abc18-418e-45ae-99c0-33f1b4b74427	5.22	-90.66	-95.88	1	1	ATTGTCGGGGA
chr1	+	174095447	174095447	d66abc18-418e-45ae-99c0-33f1b4b74427	2.99	-95.69	-98.68	1	1	GTGCTCGGCTA
chr1	+	174095527	174095527	d66abc18-418e-45ae-99c0-33f1b4b74427	2.48	-94.05	-96.53	1	1	GCCATCGTACA
chr1	+	174096019	174096019	d66abc18-418e-45ae-99c0-33f1b4b74427	2.50	-78.49	-80.99	1	1	ATAAGCGAATC
chr1	+	174096560	174096560	d66abc18-418e-45ae-99c0-33f1b4b74427	0.78	-106.72	-107.50	1	1	CAGATCGATAT
chr1	+	174096571	174096571	d66abc18-418e-45ae-99c0-33f1b4b74427	2.74	-85.96	-88.70	1	1	GCCTACGTGAG
chr1	+	174096673	174096673	d66abc18-418e-45ae-99c0-33f1b4b74427	2.09	-120.57	-122.65	1	1	CTCCCCGTACA
chr1	+	174096748	174096748	d66abc18-418e-45ae-99c0-33f1b4b74427	5.05	-68.22	-73.26	1	1	TCTTTCGCCAC
chr1	+	174096761	174096761	d66abc18-418e-45ae-99c0-33f1b4b74427	2.04	-83.08	-85.13	1	1	AATTCCGGAAG
chr1	+	174096822	174096822	d66abc18-418e-45ae-99c0-33f1b4b74427	-2.72	-88.56	-85.84	1	1	AATCACGTCTC
chr1	+	174096846	174096846	d66abc18-418e-45ae-99c0-33f1b4b74427	1.74	-139.05	-140.79	1	1	AGATTCGAGAG
chr1	+	174096894	174096894	d66abc18-418e-45ae-99c0-33f1b4b74427	-1.84	-117.61	-115.77	1	1	CATGTCGAATT
chr1	+	174096969	174096969	d66abc18-418e-45ae-99c0-33f1b4b74427	3.50	-96.92	-100.42	1	1	AGGAACGGTTA
chr1	+	174096990	174096990	d66abc18-418e-45ae-99c0-33f1b4b74427	3.30	-86.40	-89.70	1	1	CTTCACGCTAT
chr1	+	174097016	174097016	d66abc18-418e-45ae-99c0-33f1b4b74427	-2.77	-114.92	-112.15	1	1	GTTCTCGTGAG
chr1	+	174097136	174097136	d66abc18-418e-45ae-99c0-33f1b4b74427	-4.48	-95.12	-90.64	1	1	CTTCTCGAGGC
chr1	+	174097281	174097281	d66abc18-418e-45ae-99c0-33f1b4b74427	-1.86	-111.70	-109.84	1	1	GAGGCCGAAGA
chr1	+	174097651	174097651	d66abc18-418e-45ae-99c0-33f1b4b74427	2.07	-85.72	-87.78	1	1	TTTATCGTAGA
chr1	+	174097780	174097780	d66abc18-418e-45ae-99c0-33f1b4b74427	4.57	-80.87	-85.44	1	1	CACATCGGACA
chr1	+	174098551	174098551	d66abc18-418e-45ae-99c0-33f1b4b74427	-2.88	-84.48	-81.60	1	1	GTATCCGTGAT
chr1	+	174098721	174098721	d66abc18-418e-45ae-99c0-33f1b4b74427	3.30	-138.66	-141.95	1	1	TATAACGTGGT
chr1	+	174098873	174098873	d66abc18-418e-45ae-99c0-33f1b4b74427	-1.60	-85.26	-83.66	1	1	AAACACGTATA
chr1	+	174099231	174099231	d66abc18-418e-45ae-99c0-33f1b4b74427	1.89	-85.01	-86.90	1	1	GTTGCCGTTTC
chr1	+	174099490	174099490	d66abc18-418e-45ae-99c0-33f1b4b74427	0.60	-107.78	-108.38	1	1	CCTTACGAAAT
chr1	+	174099789	174099789	d66abc18-418e-45ae-99c0-33f1b4b74427	12.35	-82.68	-95.03	1	1	GAGCACGGGTA
chr1	+	174100005	174100005	d66abc18-418e-45ae-99c0-33f1b4b74427	0.11	-92.68	-92.79	1	1	TACACCGAAAA
chr1	+	174100095	174100095	d66abc18-418e-45ae-99c0-33f1b4b74427	2.64	-92.18	-94.82	1	1	ACTTGCGGTTT
chr1	+	174100153	174100153	d66abc18-418e-45ae-99c0-33f1b4b74427	-4.03	-81.06	-77.03	1	1	ATGAACGAATC
chr1	+	174100234	174100234	d66abc18-418e-45ae-99c0-33f1b4b74427	4.68	-99.89	-104.57	1	1	GGCCTCGCTCT
chr1	+	174100869	174100869	d66abc18-418e-45ae-99c0-33f1b4b74427	-2.80	-87.99	-85.19	1	1	AAAAACGGTGC
chr1	+	174100931	174100931	d66abc18-418e-45ae-99c0-33f1b4b74427	2.63	-99.96	-102.59	1	1	AAAAACGCAGT
chr1	+	174101164	174101164	d66abc18-418e-45ae-99c0-33f1b4b74427	2.06	-92.44	-94.50	1	1	AGTGGCGCAAT
chr1	+	174101251	174101251	d66abc18-418e-45ae-99c0-33f1b4b74427	6.19	-111.10	-117.29	1	1	GTGTGCGCCAC
chr1	+	174101359	174101359	d66abc18-418e-45ae-99c0-33f1b4b74427	-2.35	-106.02	-103.67	1	1	GCCTCCGAAAG
chr1	+	174101490	174101490	d66abc18-418e-45ae-99c0-33f1b4b74427	0.92	-99.68	-100.60	1	1	GATCACGACTG
chr1	+	174101525	174101525	d66abc18-418e-45ae-99c0-33f1b4b74427	5.50	-102.08	-107.58	1	1	TCAGGCGATCC
chr1	+	174101614	174101614	d66abc18-418e-45ae-99c0-33f1b4b74427	0.35	-68.30	-68.65	1	1	GACAGCGTTTC
chr1	+	174101669	174101669	d66abc18-418e-45ae-99c0-33f1b4b74427	5.26	-98.19	-103.45	1	1	CCACTCGCCTC
chr1	+	174101718	174101718	d66abc18-418e-45ae-99c0-33f1b4b74427	-1.17	-82.71	-81.54	1	1	ACACCCGACCC
chr1	+	174101922	174101922	d66abc18-418e-45ae-99c0-33f1b4b74427	2.51	-78.94	-81.45	1	1	TCAAGCGATCC
chr1	+	174101946	174101946	d66abc18-418e-45ae-99c0-33f1b4b74427	1.39	-95.48	-96.87	1	1	TCCCTCGTAGC
chr1	+	174102004	174102015	d66abc18-418e-45ae-99c0-33f1b4b74427	6.65	-128.72	-135.37	1	3	GGTAGCGACCGGGTTTCGCCAT
chr1	+	174102038	174102038	d66abc18-418e-45ae-99c0-33f1b4b74427	0.75	-85.87	-86.62	1	1	GGTCTCGAACT
chr1	+	174102152	174102152	d66abc18-418e-45ae-99c0-33f1b4b74427	-4.78	-108.90	-104.12	1	1	CACTTCGTTGC
chr1	+	174102222	174102222	d66abc18-418e-45ae-99c0-33f1b4b74427	3.31	-151.87	-155.19	1	1	GTAGCCGGGAC
chr1	+	174102285	174102293	d66abc18-418e-45ae-99c0-33f1b4b74427	10.10	-134.60	-144.71	1	2	ACAGACGAGGTCTCGCTTT
chr1	+	174102364	174102364	d66abc18-418e-45ae-99c0-33f1b4b74427	-6.02	-122.84	-116.82	1	1	GCTCACGCATA
chr1	+	191221970	191221970	f4e56165-b602-475c-a2bd-b23f0c54d76d	0.14	-158.75	-158.89	1	1	AGAAACGAATA
chr1	+	191222042	191222042	f4e56165-b602-475c-a2bd-b23f0c54d76d	-0.11	-115.25	-115.14	1	1	CAGAACGGACA
chr1	+	215438125	215438125	deb6980a-dc57-43c4-bb8d-9f0a0d72b25e	1.64	-140.46	-142.10	1	1	GTTTTCGATTT
chr1	-	230996632	230996632	2b98f24e-51e7-4412-9bd1-9d29f6d85f18	4.70	-113.65	-118.35	1	1	GGTTTCGACAT
chr1	-	230996668	230996668	2b98f24e-51e7-4412-9bd1-9d29f6d85f18	-6.69	-102.13	-95.44	1	1	GGGCTCGAGCA
chr1	-	230996719	230996719	2b98f24e-51e7-4412-9bd1-9d29f6d85f18	2.11	-90.87	-92.98	1	1	TGAGCCGCTGT
chr1	-	230996732	230996732	2b98f24e-51e7-4412-9bd1-9d29f6d85f18	7.34	-137.65	-144.99	1	1	CTGGCCGAAGT
chr1	-	230996833	230996833	2b98f24e-51e7-4412-9bd1-9d29f6d85f18	0.94	-100.44	-101.38	1	1	GTTGTCGTTAT
chr1	-	230996849	230996849	2b98f24e-51e7-4412-9bd1-9d29f6d85f18	4.48	-145.60	-150.08	1	1	TATAGCGTTAG
chr1	-	230996883	230996883	2b98f24e-51e7-4412-9bd1-9d29f6d85f18	3.95	-113.22	-117.17	1	1	ATTCACGGGAA
chr1	-	230996894	230996894	2b98f24e-51e7-4412-9bd1-9d29f6d85f18	2.96	-100.97	-103.94	1	1	TCTGCCGCTTG
chr1	-	230997055	230997055	2b98f24e-51e7-4412-9bd1-9d29f6d85f18	5.28	-97.19	-102.46	1	1	CTACCCGAAAA
chr1	-	230997076	230997076	2b98f24e-51e7-4412-9bd1-9d29f6d85f18	3.53	-81.25	-84.78	1	1	AATATCGTTTC
chr2	+	36144206	36144206	8300da2d-710c-47b3-a55a-d067c8c42b64	-0.11	-111.66	-111.55	1	1	TCCCACGCTTA
chr2	+	36144332	36144332	8300da2d-710c-47b3-a55a-d067c8c42b64	0.96	-107.57	-108.52	1	1	ATTGCCGCCTG
chr2	+	79981313	79981313	6a4438fb-defb-4d2b-9fb8-f254f4b8ea12	1.02	-101.76	-102.78	1	1	TGATCCGGTTA
chr2	+	79981537	79981537	6a4438fb-defb-4d2b-9fb8-f254f4b8ea12	-4.12	-79.58	-75.46	1	1	TAACTCGCTAA
chr2	+	79981605	79981605	6a4438fb-defb-4d2b-9fb8-f254f4b8ea12	-1.11	-81.56	-80.45	1	1	AAACACGGCCA
chr2	+	79981699	79981699	6a4438fb-defb-4d2b-9fb8-f254f4b8ea12	-0.95	-101.62	-100.67	1	1	TTTATCGAGCA
chr2	+	79981761	79981761	6a4438fb-defb-4d2b-9fb8-f254f4b8ea12	-7.44	-92.59	-85.15	1	1	TATTTCGTAAA
chr2	+	79981882	79981882	6a4438fb-defb-4d2b-9fb8-f254f4b8ea12	-1.28	-86.55	-85.27	1	1	GGATCCGTAAC
chr2	+	79981913	79981913	6a4438fb-defb-4d2b-9fb8-f254f4b8ea12	-1.64	-89.82	-88.18	1	1	TTAAACGACTT
chr2	+	79982120	79982120	6a4438fb-defb-4d2b-9fb8-f254f4b8ea12	-0.37	-94.02	-93.65	1	1	GCAGCCGCAAA
chr2	+	79982505	79982505	6a4438fb-defb-4d2b-9fb8-f254f4b8ea12	1.74	-79.47	-81.21	1	1	ATGCACGCACA
chr2	+	79982659	79982659	6a4438fb-defb-4d2b-9fb8-f254f4b8ea12	-2.58	-81.29	-78.72	1	1	TATGCCGGTGG
chr2	+	79982701	79982701	6a4438fb-defb-4d2b-9fb8-f254f4b8ea12	-3.39	-98.41	-95.02	1	1	TCTGTCGTCCT
chr2	+	79982716	79982716	6a4438fb-defb-4d2b-9fb8-f254f4b8ea12	2.24	-97.91	-100.15	1	1	GCTTGCGTTTT
chr2	+	79983324	79983324	6a4438fb-defb-4d2b-9fb8-f254f4b8ea12	-1.78	-122.76	-120.98	1	1	GCTTGCGTGAA
chr2	+	79983422	79983422	6a4438fb-defb-4d2b-9fb8-f254f4b8ea12	2.02	-109.65	-111.67	1	1	CAGTGCGACAG
chr2	+	79983477	79983477	6a4438fb-defb-4d2b-9fb8-f254f4b8ea12	-0.75	-100.70	-99.95	1	1	TGGTGCGTGCT
chr2	-	142010640	142010640	c512418b-1101-4cac-a99f-9c92ce85f1a1	0.34	-205.94	-206.29	1	1	CCTCTCGTGTC
chr2	-	142010673	142010673	c512418b-1101-4cac-a99f-9c92ce85f1a1	-0.01	-304.65	-304.64	1	1	CAGCACGATGG
chr2	-	142010834	142010834	c512418b-1101-4cac-a99f-9c92ce85f1a1	0.43	-212.56	-212.99	1	1	GAAGGCGACAT
chr2	-	142010856	142010856	c512418b-1101-4cac-a99f-9c92ce85f1a1	0.28	-154.35	-154.63	1	1	CTCCACGACTG
chr2	-	142010948	142010948	c512418b-1101-4cac-a99f-9c92ce85f1a1	0.88	-248.00	-248.88	1	1	AATTACGACTC
chr2	+	147008346	147008346	e3ce8176-ceec-4d86-b8d3-29eedf3f7b56	-2.23	-91.28	-89.05	1	1	TAAGCCGAAGA
chr2	+	147008360	147008360	e3ce8176-ceec-4d86-b8d3-29eedf3f7b56	-3.47	-106.96	-103.49	1	1	CTCAACGTCCT
chr2	+	147008447	147008447	e3ce8176-ceec-4d86-b8d3-29eedf3f7b56	-1.86	-102.83	-100.96	1	1	TCTAGCGCATC
chr2	+	147008621	147008621	e3ce8176-ceec-4d86-b8d3-29eedf3f7b56	-3.63	-86.97	-83.34	1	1	CACATCGTTTT
chr2	+	147008816	147008816	e3ce8176-ceec-4d86-b8d3-29eedf3f7b56	-1.70	-114.33	-112.64	1	1	GTGTCCGGTCA
chr2	+	147009108	147009108	e3ce8176-ceec-4d86-b8d3-29eedf3f7b56	-2.90	-77.45	-74.55	1	1	TGAGACGGGTA
chr2	+	147009296	147009296	e3ce8176-ceec-4d86-b8d3-29eedf3f7b56	2.17	-98.11	-100.27	1	1	ATTAGCGGACA
chr2	+	147009579	147009579	e3ce8176-ceec-4d86-b8d3-29eedf3f7b56	0.04	-96.64	-96.68	1	1	TTTAACGTTTT
